cq_id,competency_question,persona_id,persona_name,use_case,category,sparql_query
P01-CQ1,Which BZK cards are associated with a person whose birth name is X?,P01,Angela,Private Use,1,
P01-CQ2,"Which BZK cards are associated with a person whose birth name is X, date of birth is Y, and birthplace is Z?",P01,Angela,Private Use,1,
P02-CQ1,"Did a person with a given name X, a family name Y, and a date of birth Z apply for compensation?",P02,John,Private Use,1,
P02-CQ2,"Are any heirs named on the BZK card for a persecuted person with a given name X, a family name Y, and a date of birth Z?",P02,John,Private Use,2,
P03-CQ1,Which persecuted persons have street/city X as part of their address?,P03,Stolperstein-Initiative Rheinhausen,Private Use,1,
P03-CQ2,"Did a person with a given name X, a family name Y, a date of birth Z, and, if available, a birthplace W apply for compensation?",P03,Stolperstein-Initiative Rheinhausen,Private Use,1,
P03-CQ3,Which persons' deathplace is city/town X?,P03,Stolperstein-Initiative Rheinhausen,Private Use,1,
P03-CQ4,In which archive is the BZK card for a person with the given name X and family name Y kept?,P03,Stolperstein-Initiative Rheinhausen,Private Use,1,
P04-CQ1,"Which BZK cards are associated with a persecuted person whose given name is X, family name is Y, date of birth is Z, birthplace is W, and address is H?",P04,Markus,Private Use,1,
P04-CQ2,Which BZK cards are associated with a persecuted person whose given name or alternative given name is X?,P04,Markus,Private Use,1,
P04-CQ3,Which BZK cards are associated with a persecuted person whose family name or alternative family name is Y?,P04,Markus,Private Use,1,
P05-CQ1,Which BZK cards are associated with a person whose address or deathplace is in X?,P05,David,Scientific Use,1,
P05-CQ2,Which persons with a persecutee role had an address or deathplace in X?,P05,David,Scientific Use,1,
P05-CQ3,Which persons with an applicant role had an address in X?,P05,David,Scientific Use,1,
P06-CQ1,Which widowed women applied for compensation for their persecuted husbands?,P06,Lisa,Scientific Use,Knowledge gap,
P06-CQ2,How many widowed women applied for compensation for their persecuted husbands?,P06,Lisa,Scientific Use,Knowledge gap,
P07-CQ1,Which archive holds the BZK card X?,P07,Jürgen,Scientific Use,1,
P07-CQ2,How many BZK cards are associated with the compensation office X?,P07,Jürgen,Scientific Use,2,
P07-CQ3,"Comparing applications to the compensation offices X and Y, how many applicants were living in country Z?",P07,Jürgen,Scientific Use,2,
P07-CQ4,"How many persecuted people associated with the compensation offices X and Y had an address in country Z, respectively?",P07,Jürgen,Scientific Use,2,
P07-CQ5,"How many people were born in city X, applied for compensation to compensation office Y, and lived outside of country Z?",P07,Jürgen,Scientific Use,2,
P07-CQ6,What was the most common country of emigration among applicants to compensation office X?,P07,Jürgen,Scientific Use,2,
P07-CQ7,Did emigrants apply more often to the compensation office X or Y?,P07,Jürgen,Scientific Use,2,
P07-CQ8,"Comparing compensation applications to the compensation offices X and Y, which office received more applications from older people?",P07,Jürgen,Scientific Use,2,
P07-CQ9,What is the age distribution of applications to compensation office X?,P07,Jürgen,Scientific Use,2,
P07-CQ10,In how many applications to the compensation offices X and Y is the applicant's birthplace uncertain?,P07,Jürgen,Scientific Use,3,
P07-CQ11,In how many BZK cards issued in compensation office X is the extracted data considered certain?,P07,Jürgen,Scientific Use,3,
P07-CQ12,In how many cases is the address information missing?,P07,Jürgen,Scientific Use,3,
P08-CQ1,"Which BZK cards are associated with a person whose given name is X, family name is Y, date of birth is Z, birthplace is W, and address is H?",P08,Maria,Scientific Use,1,
P09-CQ1,"How many distinct persons with an applicant role have a date of birth between YY1 and YY2, and what are their addresses?",P09,Kim,Scientific Use,2,
P10-CQ1,"Which BZK cards are associated with a persecuted person whose given name is X, family name is Y, date of birth is Z, birthplace is W, and address is H?",P10,Hans,Scientific Use,1,
P11-CQ1,Which BZK cards are associated with persecuted persons whose family name is Y and whose birthplace or address is H?,P11,Rainer,Scientific Use,1,
P12-CQ1,Which BZK cards have no recorded value for X?,P12,Laura,Scientific Use,3,
P12-CQ2,What confidence score is attached to a value X?,P12,Laura,Scientific Use,3,
P13-CQ1,Which information extraction model produced a value X?,P13,Anja,Scientific Use,3,
P13-CQ2,How was a value X validated?,P13,Anja,Scientific Use,3,
P13-CQ3,What is the processing status of a value X?,P13,Anja,Scientific Use,3,
P13-CQ4,What confidence score is attached to a value X?,P13,Anja,Scientific Use,3,
P14-CQ1,Which persecuted persons have a birthplace or address in city X?,P14,Ludger,Historical & Educational Use,1,
P14-CQ2,What are the reasons for the persecution of people whose birthplace or address is in city X?,P14,Ludger,Historical & Educational Use,Knowledge gap,
P14-CQ3,Which organizations were located in city/town X?,P14,Ludger,Historical & Educational Use,1,
P14-CQ4,What are the reasons for the persecution of organizations located in city X?,P14,Ludger,Historical & Educational Use,Knowledge gap,
P14-CQ5,"Which organizations located in X match the keywords ""Jüdischer Verein"" or ""Jüdische Organisation"" in their name?",P14,Ludger,Historical & Educational Use,2,
P15-CQ1,Which BZK cards are associated with people whose birthplace is W and whose address is H?,P15,Mrs. Schmidt,Historical & Educational Use,1,
P15-CQ2,"Is there a BZK card for a persecuted person whose given name is X, family name is Y, and date of birth is Z?",P15,Mrs. Schmidt,Historical & Educational Use,1,
P16-CQ1,How many BZK cards have no person with an applicant role?,P16,Mr. H. Storian,Historical & Educational Use,2,
P16-CQ2,"How many BZK cards are associated with two distinct people, one with an applicant role and the other with a persecutee role?",P16,Mr. H. Storian,Historical & Educational Use,2,
P16-CQ3,"How many BZK cards are associated with two distinct people, one with an applicant role and the other with a persecutee role, who have the same family name?",P16,Mr. H. Storian,Historical & Educational Use,Knowledge gap,
P16-CQ4,How many BZK cards are associated with distinct compensation offices?,P16,Mr. H. Storian,Historical & Educational Use,2,
P16-CQ5,Which organizations have an applicant role?,P16,Mr. H. Storian,Historical & Educational Use,1,
P16-CQ6,How many BZK cards are associated with distinct organizations that have an applicant role?,P16,Mr. H. Storian,Historical & Educational Use,1,
P17-CQ1,Which BZK cards are associated with compensation offices located in X?,P17,Claudia,Historical & Educational Use,2,
P17-CQ2,"Which organizations located in X match the keywords ""AAA"" or ""BBB"" in their name?",P17,Claudia,Historical & Educational Use,2,
P18-CQ1,"Which BZK cards are associated with people whose birthplace, deathplace, or address is in X?",P18,Torsten,Historical & Educational Use,1,
P19-CQ1,"Which BZK cards are associated with people whose given name is X, family name is Y, date of birth is Z, birthplace is W, and date of death is H?",P19,Petra,Historical & Educational Use,1,
P19-CQ2,Which BZK cards are associated with people whose given or alternative given name is X and family or alternative family name is Y?,P19,Petra,Historical & Educational Use,1,
P19-CQ3,Who are the heirs of the persecuted person whose given name is X and family name is Y?,P19,Petra,Historical & Educational Use,2,
P20-CQ1,Which BZK cards originate from the archive X?,P20,Kevin,Official Use,1,
P20-CQ2,What is the layout type of BZK card X?,P20,Kevin,Official Use,2,
P21-CQ1,How many BZK cards reference archive X as their holding archive?,P21,Sabine,Official Use,2,
P21-CQ2,Which BZK cards referencing archive X are available online?,P21,Sabine,Official Use,1,
P22-CQ1,"Is there a BZK card associated with a person whose given name is X, family name is Y, date of birth is Z, birthplace is W, and date of death is H?",P22,Mrs. C.L. Erk,Official Use,1,
P22-CQ2,"What is the holding archive of the BZK card associated with the person whose given name is X, family name is Y, date of birth is Z, birthplace is W, and date of death is H?",P22,Mrs. C.L. Erk,Official Use,1,
P22-CQ3,Which BZK card has the BZK number X?,P22,Mrs. C.L. Erk,Official Use,2,
P22-CQ4,Which archive holds the BZK card with the BZK number X?,P22,Mrs. C.L. Erk,Official Use,2,
P23-CQ1,"Which BZK cards are associated with a persecuted person whose given name is X, family name is Y, date of birth is Z, and birthplace is W?",P23,Mr. Grünberg,Official Use,1,
P24-CQ1,"Which BZK cards are associated with a persecuted person whose given name is X, alternative given name is XX, family name is Y, alternative family name is YY, date of birth is Z, and birthplace is W?",P24,Daniel,Official Use,1,
